AAA,VN000000AAA4,BBG000BB42R4,"18,90","16,50","17,70","18,00","17,65","-0,05","-0,28","17,60","18,00","17,75","24.856,00","44.126,59"
AAM,VN000000AAM9,BBG000PDD0V4,"17,75","15,45","16,60","16,50","15,75","-0,85","-5,12","15,45","16,50","16,08","487,00","783,16"
AAT,VN000000AAT4,BBG00YQ95PD2,"15,35","13,35","14,35","14,35","14,70","0,35","2,44","14,10","14,70","14,37","11.867,00","17.051,58"
ABR,VN000000ABR6,BBG00L3G3992,"22,00","19,20","20,60","20,15","20,70","0,10","0,49","20,15","20,80","20,48","30,00","61,43"
ABS,VN000000ABS4,BBG00R8768Y5,"25,60","22,30","23,95","24,00","24,10","0,15","0,63","23,95","24,50","24,11","9.136,00","22.029,65"
ABT,VN000000ABT2,BBG000QMW140,"41,80","36,40","39,10","41,55","39,20","0,10","0,26","39,10","41,55","39,97","16,00","63,96"
ACB,VN000000ACB8,BBG000GYWBW2,"35,05","30,55","32,80","33,15","32,80","0,00","0,00","32,80","33,20","32,95","26.203,00","86.346,25"
ACC,VN000000ACC6,BBG000Q0SR00,"24,70","21,50","23,10","22,40","23,20","0,10","0,43","22,40","23,60","23,07","699,00","1.612,38"
ACL,VN000000ACL7,BBG000SW6J73,"24,60","21,40","23,00","23,20","22,90","-0,10","-0,43","22,40","23,20","22,75","1.235,00","2.809,68"
ADG,VN000000ADG5,BBG00R287D22,"53,20","46,30","49,75","49,70","50,30","0,55","1,11","49,70","50,40","50,03","1.034,00","5.172,59"
ADS,VN000000ADS0,BBG00D60X6Z6,"38,50","33,50","36,00","36,10","36,15","0,15","0,42","35,85","36,70","36,25","5.137,00","18.620,07"
AGG,VN000000AGG8,BBG00R4CKMT7,"55,90","48,65","52,30","52,10","51,80","-0,50","-0,96","51,00","52,60","51,90","3.649,00","18.938,67"
AGM,VN000000AGM6,BBG003NWY9K8,"61,70","53,70","57,70","57,00","57,90","0,20","0,35","53,70","60,00","56,26","10.084,00","56.737,37"
AGR,VN000000AGR5,BBG000PZH6N7,"21,45","18,65","20,05","20,30","20,30","0,25","1,25","20,10","20,35","20,22","8.618,00","17.427,40"
AMD,VN000000AMD3,BBG007GTX408,"7,35","6,39","6,87","6,98","7,11","0,24","3,49","6,90","7,11","7,00","70.854,00","49.607,00"
ANV,VN000000ANV3,BBG000P3VMH4,"44,40","38,60","41,50","42,30","40,15","-1,35","-3,25","40,00","42,30","40,97","3.579,00","14.661,52"
APC,VN000000APC8,BBG000Q921W1,"28,95","25,25","27,10","27,50","27,45","0,35","1,29","27,00","27,50","27,09","239,00","647,52"
APG,VN000000APG9,BBG000D4JBN6,"18,05","15,75","16,90","16,95","16,85","-0,05","-0,30","16,75","17,20","16,95","20.623,00","34.952,26"
APH,VN000000APH7 ,BBG00W4LTXR5,"28,45","24,75","26,60","27,00","26,70","0,10","0,38","26,60","27,65","26,98","59.903,00","161.610,11"
ASG,VN000000ASG3,BBG00W7CVXM4,"32,60","28,40","30,50","29,50","30,20","-0,30","-0,98","29,10","30,70","30,08","439,00","1.320,48"
ASM,VN000000ASM1,BBG0014KNPM3,"21,25","18,55","19,90","20,50","20,50","0,60","3,02","20,30","21,25","20,80","106.314,00","221.157,12"
ASP,VN000000ASP4,BBG000VBSQK0,"15,70","13,70","14,70","14,70","14,20","-0,50","-3,40","13,95","14,70","14,22","3.222,00","4.580,70"
AST,VN000000AST6,BBG00JM8H178,"65,00","56,60","60,80","61,00","60,80","0,00","0,00","59,80","61,20","60,61","222,00","1.345,45"
BAF,VN000000BAF1,BBG013T7PJ15,"66,80","58,20","62,50","62,40","64,30","1,80","2,88","61,80","64,60","63,68","19.767,00","125.875,76"
BBC,VN000000BBC6,BBG000M98XM0,"70,90","61,70","66,30","68,50","70,90","4,60","6,94","65,50","70,90","69,16","10,00","69,16"
BCE,VN000000BCE0,BBG000R2F295,"18,75","16,35","17,55","17,60","17,65","0,10","0,57","17,45","18,10","17,78","6.359,00","11.306,56"
BCG,VN000000BCG5,BBG009L07188,"28,20","24,60","26,40","26,40","27,00","0,60","2,27","26,40","28,00","27,35","116.975,00","319.925,40"
BCM,VN000000BCM3,BBG00K26M6H3,"79,10","68,90","74,00","75,00","74,00","0,00","0,00","73,90","75,30","74,67","1.538,00","11.483,54"
BFC,VN000000BFC7,BBG0017Z0D76,"42,45","36,95","39,70","39,80","37,00","-2,70","-6,80","36,95","40,00","37,86","16.532,00","62.594,19"
BHN,VN000000BHN0,BBG00F335DJ2,"62,10","54,10","58,10","58,00","59,00","0,90","1,55","58,00","59,50","58,85","43,00","253,04"
BIC,VN000000BIC1,BBG001YSZ884,"31,35","27,25","29,30","29,00","29,50","0,20","0,68","29,00","29,55","29,42","323,00","950,17"
BID,VN000000BID9,BBG002CV4JP0,"44,50","38,70","41,60","42,20","43,50","1,90","4,57","41,00","44,25","42,68","58.199,00","248.392,56"
BKG,VN000000BKG8 ,BBG00YN5C6J1,"12,35","10,75","11,55","11,55","11,75","0,20","1,73","11,55","11,90","11,69","8.741,00","10.218,66"
BMC,VN000000BMC3,BBG000QMW3B8,"28,45","24,75","26,60","27,15","25,90","-0,70","-2,63","25,70","27,40","26,42","1.662,00","4.390,46"
BMI,VN000000BMI0,BBG000QFQKS4,"42,25","36,75","39,50","39,75","39,80","0,30","0,76","39,60","40,40","39,97","2.023,00","8.085,99"
BMP,VN000000BMP5,BBG000PV15F4,"63,90","55,70","59,80","60,00","59,90","0,10","0,17","59,00","60,00","59,33","335,00","1.987,41"
BRC,VN000000BRC2,BBG0029S6WT6,"17,75","15,45","16,60","16,90","16,90","0,30","1,81","16,90","17,45","16,96","57,00","96,65"
BSI,VN000000BSI7,BBG001WRYLB6,"43,30","37,70","40,50","41,60","40,55","0,05","0,12","40,45","41,60","40,71","2.174,00","8.849,68"
BTP,VN000000BTP0,BBG000D2C0D2,"18,90","16,50","17,70","18,20","18,00","0,30","1,69","17,60","18,30","18,02","14,00","25,23"
BTT,VN000000BTT2,BBG000QK8WN2,"51,70","45,05","48,40","46,00","47,60","-0,80","-1,65","46,00","51,00","49,71","71,00","352,97"
BVH,VN000000BVH3,BBG000N1D3C7,"60,10","52,30","56,20","56,50","56,20","0,00","0,00","55,80","56,90","56,29","3.468,00","19.522,31"
BWE,VN000000BWE8,BBG00H3MN8Z9,"52,40","45,65","49,05","48,95","49,10","0,05","0,10","48,50","49,65","49,18","1.450,00","7.131,61"
C32,VN000000C325,BBG00161YQ67,"35,35","30,75","33,05","33,50","33,05","0,00","0,00","32,50","33,50","33,12","2.361,00","7.819,62"
C47,VN000000C473,BBG001LQT7H1,"21,70","18,90","20,30","20,60","20,30","0,00","0,00","20,00","20,60","20,25","2.674,00","5.415,32"
CACB2102,VN0CACB21024,,"2,57","0,33","1,45","1,52","1,42","-0,03","-2,07","1,40","1,52","1,46","2.554,00","374,10"
CACB2103,VN0CACB21032,,"3,46","0,01","1,21","1,21","1,36","0,15","12,40","1,21","1,37","1,34","71,00","9,52"
CACB2201,VN0CACB22014,,"1,69","0,57","1,13","1,14","1,15","0,02","1,77","1,14","1,18","1,16","7.018,00","815,60"
CACB2202,VN0CACB22022,,"1,73","0,23","0,98","0,99","0,99","0,01","1,02","0,98","1,04","1,02","1.110,00","112,78"
CAV,VN000000CAV6,BBG007GFJDV0,"63,10","54,90","59,00","59,10","59,00","0,00","0,00","59,00","59,10","59,08","12,00","70,90"
CCI,VN000000CCI9,BBG000QQTLJ5,"33,90","29,50","31,70","29,55","29,70","-2,00","-6,31","29,50","31,50","30,08","54,00","162,43"
CCL,VN000000CCL3,BBG001J682G3,"17,10","14,90","16,00","16,20","16,00","0,00","0,00","15,95","16,25","16,08","4.391,00","7.061,30"
CDC,VN000000CDC0,BBG000TS9159,"17,50","15,30","16,40","16,50","16,70","0,30","1,83","16,50","16,70","16,61","229,00","380,38"
CEE,VN000000CEE4,BBG00GNRW2L6,"17,10","14,90","16,00","15,55","15,75","-0,25","-1,56","15,55","16,30","15,99","84,00","134,29"
CFPT2108,VN0CFPT21084,,"2,71","0,59","1,65","1,65","1,75","0,10","6,06","1,65","1,75","1,75","101,00","17,67"
CFPT2109,VN0CFPT21092,,"1,19","0,01","0,39","0,38","0,42","0,03","7,69","0,36","0,45","0,40","1.688,00","67,95"
CFPT2111,VN0CFPT21118,,"1,83","0,01","0,55","0,53","0,57","0,02","3,64","0,49","0,57","0,54","572,00","31,03"
CFPT2201,VN0CFPT22017,,"2,10","0,50","1,30","1,30","1,34","0,04","3,08","1,29","1,34","1,33","706,00","93,65"
CFPT2202,VN0CFPT22025,,"2,09","0,81","1,45","1,55","1,45","0,00","0,00","1,45","1,55","1,52","2.569,00","391,62"
CHDB2103,VN0CHDB21035,,"0,68","0,22","0,45","0,45","0,46","0,01","2,22","0,43","0,46","0,45","288,00","12,97"
CHDB2201,VN0CHDB22017,,"1,36","0,60","0,98","0,98","1,00","0,02","2,04","0,95","1,02","0,98","2.177,00","212,82"
CHDB2202,VN0CHDB22025,,"1,63","0,37","1,00","1,06","1,10","0,10","10,00","1,06","1,14","1,09","874,00","94,86"
CHP,VN000000CHP3,BBG000QR8VJ4,"24,00","20,90","22,45","22,50","22,40","-0,05","-0,22","22,40","22,50","22,44","45,00","100,96"
CHPG2114,VN0CHPG21145,,"0,53","0,01","0,21","0,21","0,20","-0,01","-4,76","0,19","0,21","0,20","9.454,00","192,50"
CHPG2116,VN0CHPG21160,,"1,68","0,08","0,88","0,85","1,20","0,32","36,36","0,84","1,20","0,94","18,00","1,68"
CHPG2117,VN0CHPG21178,,"1,22","0,01","0,58","0,59","0,57","-0,01","-1,72","0,55","0,60","0,58","2.415,00","139,03"
CHPG2118,VN0CHPG21186,,"0,94","0,01","0,30","0,27","0,29","-0,01","-3,33","0,27","0,30","0,27","383,00","10,38"
CHPG2119,VN0CHPG21194,,"3,46","0,26","1,86","1,82","1,79","-0,07","-3,76","1,70","1,82","1,76","86,00","15,10"
CHPG2201,VN0CHPG22010,,"1,30","0,66","0,98","1,00","0,94","-0,04","-4,08","0,91","1,00","0,94","10.296,00","970,73"
CHPG2202,VN0CHPG22028,,"1,07","0,43","0,75","0,77","0,72","-0,03","-4,00","0,69","0,78","0,71","12.659,00","903,78"
CHPG2203,VN0CHPG22036,,"2,43","0,83","1,63","1,66","1,59","-0,04","-2,45","1,59","1,69","1,63","4.104,00","669,98"
CHPG2204,VN0CHPG22044,,"2,44","1,16","1,80","1,89","1,75","-0,05","-2,78","1,75","1,89","1,81","3.933,00","710,83"
CIG,VN000000CIG0,BBG001VHQTV9,"13,70","12,00","12,85","13,10","13,10","0,25","1,95","13,00","13,40","13,20","4.207,00","5.551,20"
CII,VN000000CII6,BBG000PM3W81,"32,80","28,60","30,70","31,10","30,55","-0,15","-0,49","30,55","31,20","30,88","38.747,00","119.643,96"
CKDH2107,VN0CKDH21077,,"1,53","0,67","1,10","1,05","1,14","0,04","3,64","1,04","1,20","1,16","1.300,00","150,64"
CKDH2201,VN0CKDH22018,,"1,37","0,51","0,94","0,94","0,98","0,04","4,26","0,92","1,05","0,97","3.699,00","357,02"
CKDH2202,VN0CKDH22026,,"2,66","0,92","1,79","1,75","1,95","0,16","8,94","1,75","2,04","1,92","826,00","158,36"
CKG,VN000000CKG6,BBG00HY73BZ3 ,"34,15","29,75","31,95","32,15","32,90","0,95","2,97","32,15","33,30","32,93","19.435,00","64.001,43"
CLC,VN000000CLC3,BBG000PT3N95,"40,05","34,85","37,45","37,50","37,80","0,35","0,93","37,20","37,90","37,44","110,00","411,84"
CLL,VN000000CLL4,BBG005S5V9Z4,"35,20","30,60","32,90","32,80","33,20","0,30","0,91","32,50","33,20","32,78","420,00","1.376,85"
CLW,VN000000CLW1,BBG001CW14L0,"38,45","33,45","35,95","0,00","0,00","-35,95","-100,00","0,00","0,00","0,00","0,00","0,00"
CMBB2107,VN0CMBB2107,,"2,70","0,50","1,60","1,67","1,63","0,03","1,88","1,63","1,82","1,72","6.801,00","1.166,92"
CMBB2109,VN0CMBB21096,,"1,10","0,22","0,66","0,72","0,69","0,03","4,55","0,69","0,75","0,71","322,00","22,74"
CMBB2201,VN0CMBB22011,,"4,50","2,30","3,40","3,51","3,51","0,11","3,24","3,49","3,60","3,56","1.721,00","611,88"
CMG,VN000000CMG2,BBG000Q6C4X9,"59,30","51,70","55,50","55,70","59,30","3,80","6,85","55,70","59,30","58,93","3.054,00","17.997,65"
CMSN2104,VN0CMSN21046,,"3,60","1,64","2,62","2,63","2,60","-0,02","-0,76","2,36","2,73","2,55","3.542,00","902,47"
CMSN2108,VN0CMSN21087,,"0,78","0,01","0,29","0,37","0,30","0,01","3,45","0,26","0,37","0,29","3.633,00","105,62"
CMSN2110,VN0CMSN21103,,"1,65","0,01","0,67","0,71","0,63","-0,04","-5,97","0,61","0,72","0,69","1.385,00","95,07"
CMSN2111,VN0CMSN21111,,"2,49","0,01","1,09","1,25","1,05","-0,04","-3,67","0,92","1,25","1,03","29,00","2,98"
CMSN2201,VN0CMSN22010,,"1,37","0,39","0,88","1,03","0,80","-0,08","-9,09","0,80","1,03","0,85","3.036,00","256,82"
CMV,VN000000CMV1,BBG000R2F749,"14,95","13,05","14,00","14,55","14,95","0,95","6,79","14,10","14,95","14,84","62,00","92,03"
CMWG2104,VN0CMWG21042,,"7,67","4,95","6,31","6,30","6,26","-0,05","-0,79","6,20","6,32","6,25","2.486,00","1.554,94"
CMWG2111,VN0CMWG21117,,"1,63","0,01","0,72","0,76","0,75","0,03","4,17","0,72","0,77","0,76","723,00","54,76"
CMWG2113,VN0CMWG21133,,"2,06","0,01","0,55","0,79","0,53","-0,02","-3,64","0,48","0,79","0,53","215,00","11,32"
CMWG2114,VN0CMWG21141,,"1,60","0,10","0,85","0,84","0,90","0,05","5,88","0,84","0,90","0,85","1.517,00","128,97"
CMWG2201,VN0CMWG22016,,"2,82","1,00","1,91","1,92","1,91","0,00","0,00","1,90","1,95","1,91","666,00","127,53"
CMX,VN000000CMX7,BBG0018J9MT8,"20,85","18,15","19,50","19,90","19,50","0,00","0,00","19,40","20,20","19,75","14.033,00","27.709,43"
CNG,VN000000CNG0,BBG002862FH9,"37,60","32,70","35,15","35,50","35,00","-0,15","-0,43","34,80","35,50","35,00","1.017,00","3.559,26"
CNVL2104,VN0CNVL21042,,"0,63","0,01","0,28","0,29","0,29","0,01","3,57","0,28","0,30","0,29","237,00","6,83"
CNVL2201,VN0CNVL22016,,"0,82","0,28","0,55","0,56","0,55","0,00","0,00","0,54","0,58","0,56","2.655,00","147,95"
COM,VN000000COM6,BBG000Q07Q78,"58,80","51,20","55,00","51,20","51,50","-3,50","-6,36","51,20","54,80","52,63","8,00","42,10"
CPDR2103,VN0CPDR21034,,"0,76","0,02","0,39","0,49","0,38","-0,01","-2,56","0,36","0,49","0,38","1.330,00","50,10"
CPDR2201,VN0CPDR22016,,"3,30","0,90","2,10","2,10","2,20","0,10","4,76","2,07","2,20","2,12","890,00","188,90"
CPNJ2109,VN0CPNJ21097,,"0,71","0,15","0,43","0,40","0,40","-0,03","-6,98","0,37","0,42","0,40","1.656,00","66,03"
CPNJ2110,VN0CPNJ21105,,"2,39","0,01","0,96","0,96","0,98","0,02","2,08","0,75","1,00","0,88","18,00","1,58"
CPNJ2201,VN0CPNJ22012,,"3,42","1,64","2,53","2,52","2,46","-0,07","-2,77","2,46","2,57","2,50","1.138,00","284,53"
CRC,VN000000CRC0,BBG00LPH5CG9,"11,35","9,91","10,65","10,65","10,65","0,00","0,00","10,55","10,75","10,62","2.317,00","2.461,55"
CRE,VN000000CRE6,BBG00LPMQ589,"40,65","35,35","38,00","38,30","37,90","-0,10","-0,26","37,90","38,55","38,22","6.788,00","25.946,32"
CSM,VN000000CSM7,BBG000BMBBG4,"19,45","16,95","18,20","18,20","18,10","-0,10","-0,55","18,10","18,40","18,16","697,00","1.266,02"
CSTB2110,VN0CSTB21103,,"0,84","0,28","0,56","0,60","0,58","0,02","3,57","0,56","0,65","0,58","2.109,00","121,66"
CSTB2112,VN0CSTB21129,,"6,10","1,50","3,80","3,80","3,75","-0,05","-1,32","3,62","3,80","3,75","252,00","94,42"
CSTB2201,VN0CSTB22010,,"2,12","1,20","1,66","1,66","1,63","-0,03","-1,81","1,60","1,67","1,63","3.901,00","636,61"
CSTB2202,VN0CSTB22028,,"4,79","2,49","3,64","3,66","3,63","-0,01","-0,27","3,63","3,80","3,67","529,00","193,96"
CSTB2203,VN0CSTB22036,,"2,37","0,85","1,61","1,61","1,55","-0,06","-3,73","1,55","1,65","1,58","3.199,00","506,32"
CSV,VN000000CSV8,BBG00560N050,"60,60","52,80","56,70","57,90","56,00","-0,70","-1,23","54,00","58,90","56,28","6.307,00","35.493,23"
CTCB2105,VN0CTCB21057,,"2,12","0,77","1,45","1,50","1,45","0,00","0,00","1,40","1,55","1,47","1.023,00","150,67"
CTCB2111,VN0CTCB21115,,"1,13","0,01","0,30","0,30","0,29","-0,01","-3,33","0,29","0,30","0,30","92,00","2,76"
CTCB2112,VN0CTCB21123,,"1,32","0,01","0,65","0,74","0,65","0,00","0,00","0,61","0,74","0,65","3.717,00","241,71"
CTCB2201,VN0CTCB22014,,"2,36","0,68","1,53","1,57","1,53","0,00","0,00","1,52","1,57","1,55","1.101,00","170,36"
CTCB2202,VN0CTCB22022,,"1,85","0,50","1,18","1,16","1,09","-0,09","-7,63","1,09","1,20","1,14","628,00","71,79"
CTD,VN000000CTD4,BBG000JWQL67,"92,80","80,80","86,80","87,40","87,20","0,40","0,46","86,80","88,10","87,44","3.298,00","28.837,54"
CTF,VN000000CTF9,BBG00GQ45DG6,"24,00","20,90","22,45","22,45","22,90","0,45","2,00","22,45","22,90","22,70","5.405,00","12.267,24"
CTG,VN000000CTG7,BBG000CYF2P3,"34,20","29,80","32,00","32,30","32,70","0,70","2,19","32,20","32,95","32,69","83.509,00","272.997,09"
CTI,VN000000CTI3,BBG000QD0001,"26,00","22,60","24,30","24,40","24,40","0,10","0,41","24,25","25,00","24,59","10.841,00","26.655,90"
CTPB2101,VN0CTPB21018,,"3,03","1,55","2,29","2,18","2,28","-0,01","-0,44","2,16","2,31","2,18","271,00","59,14"
CTPB2201,VN0CTPB22016,,"2,16","0,80","1,48","1,48","1,53","0,05","3,38","1,45","1,55","1,48","1.507,00","223,40"
CTR,VN000000CTR4,BBG00J25X052,"104,00","90,40","97,20","97,60","97,70","0,50","0,51","96,30","99,20","97,65","7.338,00","71.657,57"
CTS,VN000000CTS2,BBG000NPLGW4,"39,05","33,95","36,50","36,80","36,45","-0,05","-0,14","36,40","36,90","36,64","2.791,00","10.227,07"
CVHM2111,VNOCVHM21117,,"0,42","0,01","0,17","0,11","0,16","-0,01","-5,88","0,11","0,18","0,16","3.654,00","60,24"
CVHM2113,VN0CVHM21133,,"1,67","0,01","0,65","0,68","0,65","0,00","0,00","0,62","0,71","0,68","2.983,00","203,65"
CVHM2114,VN0CVHM21141,,"0,50","0,01","0,19","0,19","0,16","-0,03","-15,79","0,16","0,22","0,19","2.226,00","42,60"
CVHM2115,VN0CVHM21158,,"0,95","0,01","0,44","0,44","0,44","0,00","0,00","0,44","0,48","0,45","3.766,00","170,82"
CVHM2201,VN0CVHM22016,,"0,95","0,33","0,64","0,63","0,64","0,00","0,00","0,61","0,68","0,63","2.143,00","135,95"
CVHM2202,VN0CVHM22024,,"1,32","0,06","0,69","0,73","0,69","0,00","0,00","0,69","0,77","0,75","810,00","60,39"
CVHM2203,VN0CVHM22032,,"1,39","0,37","0,88","0,91","0,90","0,02","2,27","0,87","0,94","0,92","903,00","83,00"
CVIC2106,VN0CVIC21066,,"0,44","0,01","0,17","0,15","0,18","0,01","5,88","0,15","0,18","0,16","245,00","3,94"
CVIC2107,VN0CVIC210074,,"0,70","0,01","0,16","0,16","0,16","0,00","0,00","0,13","0,19","0,16","1.267,00","20,13"
CVIC2108,VN0CVIC21082,,"0,54","0,01","0,21","0,21","0,21","0,00","0,00","0,19","0,21","0,20","74,00","1,46"
CVIC2109,VN0CVIC21090,,"1,43","0,01","0,35","0,40","0,36","0,01","2,86","0,35","0,40","0,38","239,00","8,97"
CVIC2110,VN0CVIC21108,,"0,68","0,01","0,14","0,14","0,13","-0,01","-7,14","0,13","0,16","0,14","1.987,00","28,23"
CVIC2201,VN0CVIC22015,,"1,10","0,44","0,77","0,76","0,77","0,00","0,00","0,76","0,79","0,78","296,00","23,23"
CVJC2103,VN0CVJC21031,,"1,59","0,57","1,08","1,08","1,00","-0,08","-7,41","0,97","1,08","1,01","1.153,00","116,13"
CVNM2111,VN0CVNM21115,,"0,40","0,01","0,13","0,14","0,12","-0,01","-7,69","0,12","0,14","0,12","2.159,00","26,02"
CVNM2112,VN0CVNM21123,,"0,78","0,01","0,10","0,07","0,09","-0,01","-10,00","0,07","0,10","0,09","3.042,00","28,47"
CVNM2113,VN0CVNM21131,,"0,49","0,01","0,15","0,15","0,13","-0,02","-13,33","0,13","0,15","0,14","2.815,00","39,81"
CVNM2114,VN0CVNM21149,,"1,44","0,01","0,35","0,37","0,35","0,00","0,00","0,30","0,40","0,33","181,00","5,94"
CVNM2201,VN0CVNM22014,,"0,99","0,31","0,65","0,64","0,67","0,02","3,08","0,64","0,67","0,64","1.499,00","96,17"
CVNM2202,VN0CVNM22022,,"1,44","0,36","0,90","0,90","0,87","-0,03","-3,33","0,87","0,91","0,88","1.410,00","123,81"
CVPB2110,VN0CVPB21105,,"1,75","0,01","0,61","0,49","0,57","-0,04","-6,56","0,45","0,58","0,50","889,00","44,07"
CVPB2111,VN0CVPB21113,,"2,31","1,05","1,68","1,68","1,59","-0,09","-5,36","1,59","1,70","1,67","1.400,00","233,77"
CVPB2201,VN0CVPB22012,,"1,92","0,90","1,41","1,40","1,40","-0,01","-0,71","1,40","1,52","1,42","891,00","126,23"
CVRE2105,VN0CVRE21055,,"1,33","0,45","0,89","0,88","0,91","0,02","2,25","0,88","0,92","0,89","2.690,00","239,99"
CVRE2110,VN0CVRE21105,,"0,90","0,36","0,63","0,65","0,65","0,02","3,17","0,62","0,66","0,65","555,00","36,26"
CVRE2113,VN0CVRE21139,,"1,15","0,05","0,60","0,60","0,60","0,00","0,00","0,45","0,60","0,56","376,00","21,10"
CVRE2114,VN0CVRE2114,,"4,09","0,01","1,89","1,95","1,98","0,09","4,76","1,90","2,01","1,95","391,00","76,28"
CVRE2201,VN0CVRE22012,,"1,83","0,73","1,28","1,30","1,29","0,01","0,78","1,27","1,31","1,29","1.466,00","188,71"
CVRE2202,VN0CVRE22020,,"1,74","0,28","1,01","1,06","1,03","0,02","1,98","1,03","1,08","1,06","447,00","47,32"
CVT,VN000000CVT6,BBG000Q9KQS1,"48,15","41,85","45,00","44,90","46,00","1,00","2,22","44,70","46,10","45,06","159,00","716,44"
D2D,VN000000D2D0,BBG000RSQZC9,"64,70","56,30","60,50","61,60","60,90","0,40","0,66","60,40","61,60","60,69","637,00","3.866,26"
DAG,VN000000DAG5,BBG000QMJMD9,"14,25","12,45","13,35","13,35","13,20","-0,15","-1,12","12,95","13,35","13,18","11.443,00","15.085,69"
DAH,VN000000DAH3,BBG00DXBD7V6,"15,30","13,30","14,30","14,50","14,40","0,10","0,70","14,25","14,90","14,48","13.633,00","19.742,98"
DAT,VN000000DAT8,BBG009LKLCL9,"24,05","20,95","22,50","23,25","21,85","-0,65","-2,89","20,95","24,05","21,67","650,00","1.408,74"
DBC,VN000000DBC2,BBG000TDDSL0,"79,50","69,10","74,30","75,00","74,40","0,10","0,13","74,10","75,10","74,53","5.139,00","38.300,52"
DBD,VN000000DBD0,BBG00DK7HNN9,"57,40","49,95","53,70","53,70","53,70","0,00","0,00","53,50","53,70","53,61","589,00","3.157,76"
DBT,VN000000DBT6,BBG000TFWS70,"15,90","13,90","14,90","14,90","14,90","0,00","0,00","14,75","14,90","14,85","221,00","328,22"
DC4,VN000000DC49,BBG000K04QW9,"27,15","23,65","25,40","25,40","25,40","0,00","0,00","25,20","25,60","25,46","1.423,00","3.623,61"
DCL,VN000000DCL1,BBG000CTDG48,"38,70","33,70","36,20","35,80","36,00","-0,20","-0,55","35,50","36,40","36,12","1.467,00","5.298,33"
DCM,VN000000DCM9,BBG008D1PSP9,"46,85","40,75","43,80","44,10","40,80","-3,00","-6,85","40,75","44,30","41,65","136.979,00","570.514,81"
DGC,VN000000DGC1,BBG003QTZ0W7,"202,20","175,80","189,00","190,60","185,60","-3,40","-1,80","181,90","191,00","186,49","15.995,00","298.291,80"
DGW,VN000000DGW9  ,BBG009PTZWQ2,"125,00","108,80","116,90","118,00","125,00","8,10","6,93","118,00","125,00","123,34","13.223,00","163.093,82"
DHA,VN000000DHA3,BBG000MC1S96,"56,20","48,95","52,60","52,70","52,60","0,00","0,00","52,60","53,20","52,89","689,00","3.643,92"
DHC,VN000000DHC9,BBG000NDCKV3,"78,50","68,30","73,40","74,90","73,50","0,10","0,14","71,20","74,90","73,15","2.673,00","19.553,28"
DHG,VN000000DHG0,BBG000QKBYX3,"116,30","101,10","108,70","111,00","109,00","0,30","0,28","108,10","111,00","109,25","89,00","972,31"
DHM,VN000000DHM8,BBG0036JDQP6,"13,20","11,50","12,35","12,40","12,55","0,20","1,62","12,35","12,60","12,48","4.899,00","6.111,79"
DIG,VN000000DIG8,BBG000TW9MF3,"96,70","84,10","90,40","91,00","91,60","1,20","1,33","90,90","92,50","91,67","29.824,00","273.408,49"
DLG,VN000000DLG2,BBG000R1SL00,"7,86","6,84","7,35","7,40","7,72","0,37","5,03","7,40","7,80","7,68","121.360,00","93.191,26"
DMC,VN000000DMC9,BBG000QMW7W6,"60,50","52,70","56,60","56,70","56,60","0,00","0,00","56,60","57,20","56,72","124,00","703,36"
DPG,VN000000DPG3,BBG00FPG7YB9,"87,20","75,80","81,50","82,00","83,20","1,70","2,09","80,50","83,80","82,14","10.743,00","88.242,81"
DPM,VN000000DPM1,BBG000TSXTT5,"67,50","58,70","63,10","64,00","60,50","-2,60","-4,12","58,70","64,00","60,45","135.733,00","820.545,43"
DPR,VN000000DPR0,BBG000TZK061,"80,20","69,80","75,00","75,00","74,70","-0,30","-0,40","74,00","75,60","74,33","2.543,00","18.901,72"
DQC,VN000000DQC0,BBG000VBYTB7,"66,40","57,80","62,10","61,90","63,00","0,90","1,45","58,50","63,50","60,74","6.209,00","37.712,92"
DRC,VN000000DRC8,BBG000QN52T9,"34,90","30,40","32,65","32,90","33,95","1,30","3,98","32,75","34,35","33,62","15.074,00","50.685,33"
DRH,VN000000DRH7,BBG000BDM3V3,"19,65","17,15","18,40","18,50","19,65","1,25","6,79","18,35","19,65","19,13","15.844,00","30.310,03"
DRL,VN000000DRL9,BBG002VQBZ67,"72,60","63,20","67,90","67,80","67,80","-0,10","-0,15","67,60","67,80","67,73","22,00","149,01"
DSN,VN000000DSN3,BBG00176QLZ3,"52,90","46,05","49,50","49,90","49,60","0,10","0,20","49,00","49,90","49,62","23,00","114,12"
DTA,VN000000DTA8,BBG000BBD4Z1,"23,40","20,40","21,90","23,40","23,00","1,10","5,02","22,25","23,40","23,11","1.423,00","3.289,01"
DTL,VN000000DTL5,BBG000QZFN51,"59,90","52,10","56,00","56,00","55,50","-0,50","-0,89","55,50","56,00","55,67","15,00","83,50"
DTT,VN000000DTT8,BBG000QMCPM9,"14,85","12,95","13,90","0,00","0,00","-13,90","-100,00","0,00","0,00","0,00","0,00","0,00"
DVP,VN000000DVP2,BBG000PXY2N2,"62,10","54,10","58,10","59,20","58,80","0,70","1,20","58,20","59,20","58,69","58,00","340,39"
DXG,VN000000DXG7,BBG000Q1XBH9,"44,50","38,70","41,60","42,25","41,60","0,00","0,00","41,50","42,35","42,01","68.200,00","286.508,99"
DXS,VN000000DXS2 ,BBG0118RBF48,"42,25","36,75","39,50","39,50","39,50","0,00","0,00","38,80","39,80","39,50","14.591,00","57.635,34"
DXV,VN000000DXV6,BBG000BM0Y49,"8,81","7,67","8,24","8,01","8,27","0,03","0,36","8,01","8,59","8,22","533,00","438,36"
E1VFVN30,VN0E1VFVN306,BBG006Y04478,"26,57","23,11","24,84","25,00","24,86","0,02","0,08","24,71","25,00","24,79","3.647,00","9.041,87"
EIB,VN000000EIB7,BBG000DB3L28,"40,05","34,85","37,45","36,70","36,85","-0,60","-1,60","36,30","37,00","36,71","2.767,00","10.157,61"
ELC,VN000000ELC9,BBG00174Z5S1,"27,15","23,65","25,40","25,20","25,50","0,10","0,39","25,20","26,40","25,64","6.444,00","16.522,42"
EMC,VN000000EMC7,BBG003M53VX9,"22,50","19,60","21,05","20,45","19,75","-1,30","-6,18","19,60","20,45","19,68","113,00","222,37"
EVE,VN000000EVE4,BBG001B06374,"18,15","15,85","17,00","17,00","17,15","0,15","0,88","17,00","17,50","17,26","1.768,00","3.051,85"
EVF,VN000000EVF1,BBG00LLLH0T3,"18,45","16,05","17,25","17,50","17,05","-0,20","-1,16","17,00","17,50","17,17","4.427,00","7.600,53"
EVG,VN000000EVG9,BBG00GTSZQV1,"14,95","13,05","14,00","14,00","14,00","0,00","0,00","13,90","14,10","14,03","3.790,00","5.317,08"
FCM,VN000000FCM4,BBG004JVFZG1,"12,50","10,90","11,70","11,70","11,40","-0,30","-2,56","11,40","11,90","11,69","7.675,00","8.969,57"
FCN,VN000000FCN2,BBG0036S09C2,"28,05","24,45","26,25","26,30","26,30","0,05","0,19","26,10","26,95","26,46","33.537,00","88.723,78"
FDC,VN000000FDC3,BBG000Q54S85,"33,05","28,75","30,90","33,05","33,05","2,15","6,96","33,05","33,05","33,05","895,00","2.957,98"
FIR,VN000000FIR0,BBG00M6GVQ34,"58,40","50,80","54,60","54,60","54,20","-0,40","-0,73","54,20","55,00","54,64","3.089,00","16.878,62"
FIT,VN000000FIT6,BBG009RRQXY3,"14,40","12,60","13,50","13,60","13,60","0,10","0,74","13,50","13,75","13,62","27.227,00","37.075,54"
FLC,VN000000FLC6,BBG0024L5Y77,"13,65","11,95","12,80","12,90","13,65","0,85","6,64","12,85","13,65","13,29","415.474,00","551.988,73"
FMC,VN000000FMC4,BBG000QF0PB9,"66,80","58,20","62,50","62,00","61,80","-0,70","-1,12","60,60","62,00","61,45","1.375,00","8.449,21"
FPT,VN000000FPT1,BBG000PMZKF4,"98,00","85,20","91,60","91,80","92,00","0,40","0,44","91,50","92,70","92,06","11.806,00","108.685,42"
FRT,VN000000FRT7,BBG00FF5Y0Y3,"145,90","126,90","136,40","143,60","145,80","9,40","6,89","139,00","145,80","142,84","16.507,00","235.778,36"
FTM,VN000000FTM8,BBG00FRYNP56,"6,52","5,68","6,10","6,00","6,52","0,42","6,89","6,00","6,52","6,37","27.199,00","17.313,60"
FTS,VN000000FTS5,BBG00FQJG160,"54,20","47,20","50,70","51,40","51,50","0,80","1,58","51,10","51,90","51,45","1.285,00","6.611,01"
FUCTVGF3,VN0FUCTVGF39,BBG013GCTTG6,"12,80","11,20","12,00","0,00","0,00","-12,00","-100,00","0,00","0,00","0,00","0,00","0,00"
FUCVREIT,VN0FUCVREIT6,BBG00FZKDM64,"10,90","9,49","10,20","10,35","10,20","0,00","0,00","10,10","10,35","10,23","22,00","22,50"
FUEIP100,VN0FUEIP1007,BBG012VB57P7,"11,53","10,03","10,78","10,82","10,82","0,04","0,37","10,74","10,86","10,81","314,00","339,59"
FUEKIV30,VN0FUEKIV304,BBG014F966P7,"10,26","8,92","9,59","9,69","9,58","-0,01","-0,10","9,58","9,69","9,63","526,00","506,59"
FUEMAV30,VN0FUEMAV307,BBG00YFQP003,"18,56","16,14","17,35","17,35","17,35","0,00","0,00","17,31","17,37","17,35","137,00","237,69"
FUESSV30,VN0FUESSV306,BBG00WHZTHC1,"19,84","17,26","18,55","18,54","18,55","0,00","0,00","18,27","18,55","18,34","176,00","322,79"
FUESSV50,VN0FUESSV504,BBG007LYTTX5,"23,11","20,09","21,60","21,60","21,60","0,00","0,00","21,60","21,60","21,60","167,00","360,72"
FUESSVFL,VN0FUESSVFL3,BBG00SJLM373,"23,54","20,46","22,00","22,17","22,20","0,20","0,91","22,02","22,20","22,10","252,00","557,04"
FUEVFVND,VN0FUEVFVND5,BBG00TR4HHL9,"29,74","25,86","27,80","27,80","28,18","0,38","1,37","27,80","29,50","27,98","11.346,00","31.749,51"
FUEVN100,VN0FUEVN1002,BBG00W2P28L8,"20,88","18,16","19,52","19,57","19,50","-0,02","-0,10","19,47","19,57","19,51","496,00","967,65"
GAB,VN000000GAB9,BBG00PNKPT85,"209,80","182,40","196,10","196,10","196,00","-0,10","-0,05","196,00","196,10","196,05","2,00","39,21"
GAS,VN000000GAS3,BBG002YWXH58,"116,80","101,60","109,20","108,10","106,00","-3,20","-2,93","106,00","109,80","107,77","7.441,00","80.193,04"
GDT,VN000000GDT5,BBG0014KNPB5,"61,40","53,40","57,40","56,50","56,40","-1,00","-1,74","55,40","57,40","56,06","847,00","4.748,60"
GEG,VN000000GEG0,BBG000BC1CJ2,"27,80","24,20","26,00","26,00","26,00","0,00","0,00","26,00","26,60","26,23","11.434,00","29.990,28"
GEX,VN000000GEX5,BBG00B8G4SB3,"40,95","35,65","38,30","38,50","38,10","-0,20","-0,52","38,00","38,80","38,37","71.616,00","274.777,21"
GIL,VN000000GIL1,BBG000BTBGW0,"83,70","72,90","78,30","79,50","80,80","2,50","3,19","78,40","81,90","80,55","7.241,00","58.327,70"
GMC,VN000000GMC2,BBG000QMCRB7,"28,85","25,15","27,00","27,00","27,00","0,00","0,00","27,00","27,00","27,00","1,00","2,70"
GMD,VN000000GMD0,BBG000MB9VF6,"57,20","49,80","53,50","53,60","53,00","-0,50","-0,93","52,40","54,00","53,26","22.649,00","120.633,12"
GMH,VN000000GMH1,BBG014C267M6,"25,25","21,95","23,60","23,50","24,00","0,40","1,69","23,00","24,00","23,62","3.433,00","8.108,80"
GSP,VN000000GSP1,BBG002MZL6Z8,"16,70","14,60","15,65","15,65","15,40","-0,25","-1,60","15,20","15,75","15,34","2.409,00","3.695,49"
GTA,VN000000GTA1,BBG000RPVCR4,"20,05","17,45","18,75","19,60","17,95","-0,80","-4,27","17,90","19,60","18,32","415,00","760,08"
GVR,VN000000GVR1,BBG00HPGJ419,"36,05","31,35","33,70","34,00","33,80","0,10","0,30","33,70","34,20","33,87","10.304,00","34.898,75"
HAG,VN000000HAG6,BBG000GCXX42,"12,30","10,70","11,50","11,50","12,10","0,60","5,22","11,45","12,30","11,81","272.193,00","321.487,60"
HAH,VN000000HAH4,BBG007N114K4,"99,20","86,40","92,80","93,50","92,50","-0,30","-0,32","91,00","93,50","91,73","9.778,00","89.695,03"
HAI,VN000000HAI2,BBG000QR0CM0,"6,81","5,93","6,37","6,42","6,62","0,25","3,92","6,42","6,65","6,53","47.770,00","31.187,39"
HAP,VN000000HAP7,BBG000M98RP0,"14,20","12,40","13,30","13,35","14,20","0,90","6,77","13,25","14,20","13,76","29.193,00","40.175,36"
HAR,VN000000HAR3,BBG003TMM2R5,"11,95","10,45","11,20","11,30","11,20","0,00","0,00","11,20","11,80","11,48","32.931,00","37.816,76"
HAS,VN000000HAS1,BBG000M992T0,"13,05","11,35","12,20","11,75","12,25","0,05","0,41","11,75","12,40","11,96","26,00","31,09"
HAX,VN000000HAX1,BBG000QMW9W2,"35,85","31,25","33,55","33,55","33,60","0,05","0,15","33,55","34,20","33,79","3.012,00","10.176,74"
HBC,VN000000HBC3,BBG000QMWDZ0,"29,50","25,70","27,60","27,80","27,75","0,15","0,54","27,70","28,25","27,89","35.602,00","99.299,51"
HCD,VN000000HCD9,BBG00D74VBV2,"15,05","13,15","14,10","14,20","15,05","0,95","6,74","14,20","15,05","14,94","38.059,00","56.851,36"
HCM,VN000000HCM0,BBG000LWFW71,"37,45","32,55","35,00","35,35","35,40","0,40","1,14","35,30","35,65","35,40","18.554,00","65.685,98"
HDB,VN000000HDB1,BBG00CMXYXS6,"29,05","25,25","27,15","27,45","27,50","0,35","1,29","27,25","27,80","27,52","33.357,00","91.800,49"
HDC,VN000000HDC9,BBG000NW6P10,"112,80","98,20","105,50","107,00","103,50","-2,00","-1,90","102,70","107,00","104,54","6.489,00","67.835,50"
HDG,VN000000HDG0,BBG000Q6YVS1,"75,40","65,60","71,50","70,80","71,10","-0,40","-0,56","70,60","71,90","71,15","6.866,00","48.854,03"
HHP,VN000000HHP2,BBG00KZSM5H1,"13,35","11,65","12,50","12,50","12,95","0,45","3,60","12,50","13,25","12,86","3.951,00","5.079,19"
HHS,VN000000HHS6,BBG002BCDV21,"11,30","9,86","10,60","10,85","10,80","0,20","1,89","10,65","11,00","10,84","38.226,00","41.423,37"
HHV,VN000000HHV0,BBG00BMGSPH1,"26,20","22,80","24,50","24,50","24,20","-0,30","-1,22","24,00","24,90","24,37","35.711,00","87.031,73"
HID,VN000000HID6,BBG00D621W35,"11,90","10,40","11,15","11,10","11,10","-0,05","-0,45","11,10","11,30","11,18","7.628,00","8.525,04"
HII,VN000000HII5,BBG00GXSCL33,"15,00","13,10","14,05","14,30","14,15","0,10","0,71","14,05","14,40","14,17","3.693,00","5.232,41"
HMC,VN000000HMC0,BBG000QGPPT1,"28,45","24,75","26,60","26,90","27,80","1,20","4,51","26,65","28,00","27,51","2.776,00","7.636,06"
HNG,VN000000HNG9,BBG009L960Q2,"10,35","9,04","9,71","9,79","10,00","0,29","2,99","9,69","10,15","9,87","100.584,00","99.318,72"
HOT,VN000000HOT0,BBG001WV7WK3,"41,70","36,30","39,00","0,00","0,00","-39,00","-100,00","0,00","0,00","0,00","0,00","0,00"
HPG,VN000000HPG4,BBG000TX8HK7,"49,40","43,00","46,20","46,60","45,95","-0,25","-0,54","45,90","46,70","46,20","149.577,00","691.099,54"
HPX,VN000000HPX9,BBG00LC37SN9,"33,15","28,85","31,00","31,00","32,00","1,00","3,23","30,60","32,00","31,13","6.242,00","19.428,36"
HQC,VN000000HQC1,BBG0017BN2P8,"8,19","7,13","7,66","7,75","8,19","0,53","6,92","7,70","8,19","8,09","369.181,00","298.485,32"
HRC,VN000000HRC9,BBG000QMWGG4,"55,70","48,50","52,10","52,10","52,10","0,00","0,00","52,10","52,10","52,10","1,00","5,21"
HSG,VN000000HSG8,BBG000KFK260,"39,95","34,75","37,35","37,70","36,65","-0,70","-1,87","36,55","37,90","37,06","100.061,00","370.861,39"
HSL,VN000000HSL8,BBG00KTLQ6S5,"10,80","9,40","10,10","10,25","10,15","0,05","0,50","10,00","10,25","10,14","1.644,00","1.667,30"
HT1,VN000000HT12,BBG000R4N2Q3,"26,20","22,80","24,50","24,55","24,40","-0,10","-0,41","24,30","25,45","24,80","30.513,00","75.679,00"
HTI,VN000000HTI2,BBG001BCVZT5,"21,40","18,60","20,00","19,30","19,80","-0,20","-1,00","19,30","20,00","19,48","274,00","533,65"
HTL,VN000000HTL6,BBG001CS5BM8,"23,95","20,85","22,40","21,00","22,20","-0,20","-0,89","21,00","22,35","21,99","5,00","11,00"
HTN,VN000000HTN2,BBG00MCMKBT1,"50,70","44,15","47,45","47,90","48,80","1,35","2,85","47,60","49,00","48,61","5.592,00","27.181,39"
HTV,VN000000HTV5,BBG000LNF026,"15,60","13,60","14,60","14,60","14,75","0,15","1,03","14,60","14,90","14,80","211,00","312,27"
HU1,VN000000HU19,BBG000QY0HP1,"16,55","14,45","15,50","15,50","15,50","0,00","0,00","15,50","15,70","15,59","331,00","516,01"
HU3,VN000000HU35,BBG001KKX7N3,"10,10","8,79","9,45","9,20","9,30","-0,15","-1,59","9,01","9,48","9,30","92,00","85,56"
HUB,VN000000HUB5,BBG00MV79J28,"40,10","34,90","37,50","37,35","37,60","0,10","0,27","36,10","38,50","37,71","1.880,00","7.090,19"
HVH,VN000000HVH0,BBG00MNF1XJ8,"11,65","10,15","10,90","11,00","11,10","0,20","1,83","10,95","11,15","11,03","1.466,00","1.617,59"
HVN,VN000000HVN8,BBG000FWLXH8,"27,45","23,95","25,70","25,70","25,60","-0,10","-0,39","25,00","25,95","25,59","26.759,00","68.480,18"
HVX,VN000000HVX7,BBG001657S00,"8,56","7,44","8,00","8,00","7,99","-0,01","-0,13","7,80","8,10","7,97","1.179,00","940,03"
IBC,VN000000IBC1,BBG00F0Z7590,"21,40","18,60","20,00","19,90","20,00","0,00","0,00","19,45","20,00","19,77","1.601,00","3.164,49"
ICT,VN000000ICT3,BBG00R877KS4,"21,40","18,60","20,00","20,10","20,00","0,00","0,00","19,90","20,20","20,01","1.026,00","2.052,54"
IDI,VN000000IDI4,BBG001PNKMN3,"23,80","20,70","22,25","22,50","21,90","-0,35","-1,57","21,70","23,45","22,38","49.142,00","109.973,90"
IJC,VN000000IJC4,BBG000QQTP88,"30,45","26,55","28,50","28,65","28,55","0,05","0,18","28,50","29,00","28,73","11.822,00","33.963,32"
ILB,VN000000ILB2,BBG00P364146,"33,90","29,50","31,70","31,70","31,75","0,05","0,16","31,70","31,80","31,72","27,00","85,64"
IMP,VN000000IMP0,BBG000PP6BN0,"80,20","69,80","75,00","74,80","74,90","-0,10","-0,13","74,80","74,90","74,84","17,00","127,23"
ITA,VN000000ITA7,BBG000QBN527,"16,90","14,70","15,80","16,00","16,05","0,25","1,58","15,90","16,40","16,12","67.945,00","109.555,28"
ITC,VN000000ITC3,BBG000JVZX09,"19,25","16,75","18,00","18,05","18,20","0,20","1,11","18,00","18,50","18,18","6.225,00","11.320,03"
ITD,VN000000ITD1,BBG000C9CP98,"17,85","15,55","16,70","17,25","16,70","0,00","0,00","16,65","17,25","16,84","2.282,00","3.842,04"
JVC,VN000000JVC7,BBG001QQZ3M2,"11,90","10,40","11,15","11,90","11,90","0,75","6,73","11,90","11,90","11,90","38.742,00","46.102,98"
KBC,VN000000KBC7,BBG000V13PS3,"55,90","48,65","52,30","52,60","52,90","0,60","1,15","52,40","53,60","53,06","43.807,00","232.439,40"
KDC,VN000000KDC3,BBG000LNDMG5,"57,90","50,50","54,20","54,00","54,00","-0,20","-0,37","53,80","54,30","53,95","24.432,00","131.805,99"
KDH,VN000000KDH2,BBG000Q7Z3Y3,"54,10","47,10","50,60","50,90","51,40","0,80","1,58","50,50","52,30","51,60","11.017,00","56.850,00"
KHG,VN000000KHG5,BBG011C16TP3,"21,70","18,90","20,30","20,30","21,70","1,40","6,90","20,30","21,70","21,22","55.299,00","117.346,16"
KHP,VN000000KHP6,BBG000QG6927,"18,40","16,00","17,20","17,50","17,30","0,10","0,58","16,80","17,80","17,33","3.191,00","5.529,45"
KMR,VN000000KMR2,BBG000BV0GH4,"8,98","7,82","8,40","8,44","8,52","0,12","1,43","8,44","8,65","8,53","2.609,00","2.226,49"
KOS,VN000000KOS6,BBG00JF29HX4,"36,55","31,85","34,20","35,50","34,30","0,10","0,29","34,15","35,50","34,29","3.520,00","12.069,82"
KPF,VN000000KPF0,BBG00C854RL6,"19,50","17,00","18,25","18,40","18,05","-0,20","-1,10","18,00","19,05","18,63","3.392,00","6.319,24"
KSB,VN000000KSB3,BBG000H9ZHS5,"51,40","44,70","48,05","48,90","47,75","-0,30","-0,62","47,60","48,90","48,21","15.582,00","75.116,56"
L10,VN000000L102,BBG000V0CJ18,"30,45","26,55","28,50","0,00","0,00","-28,50","-100,00","0,00","0,00","0,00","0,00","0,00"
LAF,VN000000LAF0,BBG000MBB1G8,"23,50","20,50","22,00","22,00","21,55","-0,45","-2,05","21,55","22,00","21,82","5,00","10,91"
LBM,VN000000LBM4,BBG000QK5411,"101,60","88,40","95,00","90,30","90,00","-5,00","-5,26","90,00","95,00","90,42","64,00","578,69"
LCG,VN000000LCG4,BBG000RDD989,"22,20","19,30","20,75","21,00","20,80","0,05","0,24","20,60","21,20","20,86","48.988,00","102.205,91"
LCM,VN000000LCM2,BBG00227Y410,"7,90","6,88","7,39","7,10","7,39","0,00","0,00","7,10","7,55","7,43","2.921,00","2.171,26"
LDG,VN000000LDG2,BBG009RRQXY3,"21,95","19,15","20,55","21,00","20,80","0,25","1,22","20,65","21,40","20,96","66.167,00","138.710,79"
LEC,VN000000LEC9,BBG00GW0PK42,"14,75","12,85","13,80","13,05","13,70","-0,10","-0,72","13,05","13,75","13,46","17,00","22,89"
LGC,VN000000LGC4,BBG000QMWHL6,"49,10","42,70","45,90","45,95","43,20","-2,70","-5,88","43,05","45,95","43,57","6,00","26,14"
LGL,VN000000LGL5,BBG000PLL5F4,"11,50","10,00","10,75","10,75","11,10","0,35","3,26","10,70","11,20","10,99","5.577,00","6.129,80"
LHG,VN000000LHG3,BBG000QJKXD0,"53,80","46,80","50,30","50,30","50,40","0,10","0,20","50,00","50,60","50,33","1.499,00","7.544,97"
LIX,VN000000LIX6,BBG000PZ8L63,"53,80","46,80","50,30","50,30","48,00","-2,30","-4,57","48,00","50,40","48,04","177,00","850,30"
LM8,VN000000LM88,BBG0018PZ512,"16,30","14,20","15,25","15,20","15,50","0,25","1,64","15,20","15,50","15,34","96,00","147,29"
LPB,VN000000LPB7 ,BBG00HVMW0G6,"23,70","20,60","22,15","22,50","22,35","0,20","0,90","22,15","22,50","22,31","76.666,00","171.077,08"
LSS,VN000000LSS5,BBG000PC7XS5,"15,95","13,95","14,95","15,20","15,35","0,40","2,68","15,00","15,45","15,29","8.859,00","13.544,19"
MBB,VN000000MBB5,BBG00270VT27,"34,30","29,90","32,10","32,45","32,25","0,15","0,47","32,20","32,75","32,47","102.420,00","332.581,68"
MCG,VN000000MCG2,BBG000PDD8G4,"9,82","8,54","9,18","9,19","9,58","0,40","4,36","9,19","9,78","9,54","12.890,00","12.300,38"
MCP,VN000000MCP3,BBG000QMWKF6,"29,85","25,95","27,90","26,00","28,30","0,40","1,43","26,00","28,30","27,40","15,00","41,11"
MDG,VN000000MDG0,BBG001D1BJD2,"18,15","15,85","17,00","17,00","16,90","-0,10","-0,59","16,60","18,10","17,48","29,00","50,70"
MHC,VN000000MHC0,BBG000BX72W7,"12,80","11,20","12,00","12,10","12,20","0,20","1,67","12,05","12,30","12,15","4.389,00","5.331,16"
MIG,VN000000MIG9,BBG00GKB6R65,"24,80","21,60","23,20","23,50","23,20","0,00","0,00","23,00","23,55","23,29","1.605,00","3.738,59"
MSB,VN000000MSB9,BBG00QYKTX60,"27,15","23,65","25,40","25,60","25,65","0,25","0,98","25,35","25,65","25,47","34.346,00","87.466,29"
MSH,VN000000MSH6,BBG001BRND56,"84,70","73,70","79,20","79,90","80,30","1,10","1,39","79,50","80,30","79,93","645,00","5.155,35"
MSN,VN000000MSN4,BBG000PSPMZ6,"150,30","130,70","140,50","141,00","138,00","-2,50","-1,78","138,00","142,30","139,96","7.668,00","107.322,07"
MWG,VN000000MWG0,BBG006S6NN42,"140,50","122,30","131,40","131,80","130,80","-0,60","-0,46","130,80","132,00","131,19","6.914,00","90.707,55"
NAF,VN000000NAF6,BBG00B40DT75,"22,45","19,55","21,00","21,10","21,20","0,20","0,95","20,95","21,35","21,13","891,00","1.882,94"
NAV,VN000000NAV3,BBG000QMCVS0,"25,35","22,05","23,70","22,90","23,70","0,00","0,00","22,80","23,70","23,16","40,00","92,63"
NBB,VN000000NBB3,BBG000TJKMX9,"33,50","29,20","31,35","31,55","31,20","-0,15","-0,48","31,10","31,85","31,50","9.652,00","30.401,32"
NCT,VN000000NCT3,BBG007R0PVT7,"90,40","78,60","84,50","84,50","85,10","0,60","0,71","84,50","85,50","85,07","57,00","484,90"
NHA,VN000000NHA2 ,BBG000R55T36,"68,40","59,60","64,00","68,40","65,00","1,00","1,56","64,90","68,40","66,10","3.075,00","20.324,83"
NHH,VN000000NHH7,BBG003TLVXY1,"33,00","28,70","30,85","30,85","30,70","-0,15","-0,49","30,55","31,50","30,80","1.648,00","5.075,16"
NHT,VN000000NHT2,BBG00JCQFF52,"33,45","29,15","31,30","31,00","31,35","0,05","0,16","31,00","31,35","31,25","30,00","93,76"
NKG,VN000000NKG3,BBG001D63Y10,"49,85","43,35","46,60","46,90","45,25","-1,35","-2,90","44,50","47,20","45,55","122.812,00","559.402,02"
NLG,VN000000NLG1,BBG0042V8NP4,"58,30","50,70","54,50","55,00","56,10","1,60","2,94","54,60","56,50","55,81","92.117,00","514.085,16"
NNC,VN000000NNC6,BBG000R1SNF0,"29,20","25,40","27,30","27,20","27,30","0,00","0,00","27,10","27,40","27,17","137,00","372,25"
NSC,VN000000NSC5,BBG000QLW9H1,"97,90","85,10","91,50","87,00","93,70","2,20","2,40","87,00","95,00","92,98","593,00","5.513,43"
NT2,VN000000NT22,BBG0014KNPX1,"24,15","21,05","22,60","22,75","22,55","-0,05","-0,22","22,55","22,75","22,64","4.331,00","9.804,72"
NTL,VN000000NTL4,BBG000RHYFY4,"38,60","33,60","36,10","36,50","36,90","0,80","2,22","36,20","37,40","36,88","4.247,00","15.662,73"
NVL,VN000000NVL0,BBG00FM8NC93,"82,80","72,00","77,40","77,40","76,60","-0,80","-1,03","76,50","78,50","77,40","36.021,00","278.808,26"
NVT,VN000000NVT3,BBG000QTW822,"19,30","16,80","18,05","19,30","19,30","1,25","6,93","19,30","19,30","19,30","319,00","615,67"
OCB,VN0000000CB9 ,BBG000BVF7P9,"27,85","24,25","26,05","26,30","26,10","0,05","0,19","26,05","26,30","26,14","10.350,00","27.052,02"
OGC,VN000000OGC8,BBG000QSB710,"14,90","13,00","13,95","14,90","14,90","0,95","6,81","14,40","14,90","14,89","44.855,00","66.779,64"
OPC,VN000000OPC9,BBG000JVXFJ0,"59,90","52,10","56,00","55,20","55,90","-0,10","-0,18","55,20","55,90","55,50","464,00","2.574,99"
ORS,VN000000ORS1,BBG000WH5HX7,"29,10","25,30","27,20","27,10","27,15","-0,05","-0,18","26,90","27,50","27,12","14.088,00","38.212,32"
PAC,VN000000PAC8,BBG000QGMCJ4,"40,10","34,90","37,50","37,25","37,40","-0,10","-0,27","37,20","37,80","37,42","135,00","505,20"
PAN,VN000000PAN5,BBG000QRH9P6,"32,95","28,65","30,80","31,15","31,05","0,25","0,81","30,60","31,30","31,01","16.929,00","52.489,12"
PC1,VN000000PC11,BBG00F86YRM3,"47,15","41,05","44,10","44,40","42,30","-1,80","-4,08","42,30","44,65","43,23","40.119,00","173.424,06"
PDN,VN000000PDN9,BBG000RD0BX0,"107,80","93,80","102,30","0,00","0,00","-102,30","-100,00","0,00","0,00","0,00","0,00","0,00"
PDR,VN000000PDR0,BBG000BG7XL8,"91,80","79,80","85,80","85,70","86,40","0,60","0,70","85,30","86,50","85,96","32.829,00","282.183,32"
PET,VN000000PET4,BBG000T6PR07,"54,40","47,35","50,90","51,80","53,00","2,10","4,13","51,80","53,80","52,87","9.340,00","49.376,53"
PGC,VN000000PGC5,BBG000BP5NJ5,"25,10","21,90","23,50","23,50","23,40","-0,10","-0,43","23,35","23,70","23,54","511,00","1.203,05"
PGD,VN000000PGD3,BBG000PXC513,"36,45","31,75","34,10","33,10","32,75","-1,35","-3,96","32,20","34,00","32,95","272,00","896,23"
PGI,VN000000PGI2,BBG001QZL5G9,"39,45","34,35","36,90","36,90","38,00","1,10","2,98","36,60","38,00","37,05","938,00","3.475,42"
PGV,VN000000PGV5,BBG00KBCSPQ2,"37,95","33,05","35,50","35,50","35,50","0,00","0,00","35,40","35,80","35,57","217,00","771,80"
PHC,VN000000PHC3,BBG000PSQL14,"15,65","13,65","14,65","14,70","14,80","0,15","1,02","14,60","15,10","14,86","7.621,00","11.327,59"
PHR,VN000000PHR1,BBG000V0C1P1,"79,60","69,20","74,40","75,70","75,90","1,50","2,02","74,80","76,00","75,57","2.690,00","20.327,58"
PIT,VN000000PIT5,BBG000PMW935,"11,60","10,10","10,85","10,85","11,60","0,75","6,91","10,85","11,60","11,35","558,00","633,50"
PJT,VN000000PJT3,BBG000QMWMJ8,"14,75","12,85","13,80","13,80","13,65","-0,15","-1,09","13,65","14,25","13,72","68,00","93,32"
PLP,VN000000PLP7,BBG00H44X8M1,"17,10","14,90","16,00","16,00","17,10","1,10","6,88","16,00","17,10","16,72","16.646,00","27.839,68"
PLX,VN000000PLX1,BBG00GGRY2V1,"60,10","52,30","56,20","56,40","55,80","-0,40","-0,71","55,60","56,40","55,86","14.904,00","83.253,00"
PMG,VN000000PMG4,BBG00JN3TXJ2,"20,85","18,15","19,50","19,60","19,60","0,10","0,51","18,20","19,60","18,85","42,00","79,17"
PNC,VN000000PNC1,BBG000CXCXK5,"11,65","10,15","10,90","0,00","0,00","-10,90","-100,00","0,00","0,00","0,00","0,00","0,00"
PNJ,VN000000PNJ6,BBG000BX74C5,"109,90","95,70","102,80","102,80","103,00","0,20","0,19","102,00","103,30","102,86","6.903,00","71.002,12"
POM,VN000000POM8,BBG000QR9N83,"15,40","13,40","14,40","14,40","14,25","-0,15","-1,04","13,50","14,65","14,23","2.551,00","3.630,36"
POW,VN000000POW7,BBG00K6T4ZV9,"17,40","15,20","16,30","16,30","16,30","0,00","0,00","16,25","16,45","16,33","73.486,00","119.995,15"
PPC,VN000000PPC6,BBG000QQYWZ7,"23,45","20,45","21,95","21,90","21,95","0,00","0,00","21,85","22,00","21,91","574,00","1.257,79"
PSH,VN000000PSH9,BBG00V2KB9L9,"28,35","24,65","26,50","25,70","26,30","-0,20","-0,75","25,70","26,60","26,23","8.716,00","22.864,56"
PTB,VN000000PTB0,BBG001QBKQG7,"120,10","104,50","112,30","112,90","112,30","0,00","0,00","111,60","113,50","112,46","1.999,00","22.481,40"
PTC,VN000000PTC8,BBG000P5S9B8,"67,40","58,60","63,00","63,40","58,60","-4,40","-6,98","58,60","63,40","59,20","6.545,00","38.744,67"
PTL,VN000000PTL9,BBG001645YS2,"15,35","13,35","14,35","14,45","14,35","0,00","0,00","14,15","14,45","14,32","5.799,00","8.303,23"
PVD,VN000000PVD2,BBG000QFVBX2,"37,90","33,00","35,45","35,40","34,40","-1,05","-2,96","34,35","35,40","34,73","65.733,00","228.305,23"
PVT,VN000000PVT8,BBG000LZ5FZ1,"27,05","23,55","25,30","25,25","25,80","0,50","1,98","24,80","26,25","25,44","47.450,00","120.703,99"
PXI,VN000000PXI7 ,BBG000BBWQ45,"7,91","6,89","7,40","7,31","7,39","-0,01","-0,14","7,31","7,44","7,40","2.381,00","1.762,84"
PXS,VN000000PXS6,BBG000QZ8Z07,"13,30","11,60","12,45","12,40","12,40","-0,05","-0,40","12,30","12,70","12,45","7.183,00","8.942,34"
QBS,VN000000QBS0,BBG007H4BS94,"8,23","7,17","7,70","7,88","7,55","-0,15","-1,95","7,52","7,90","7,73","23.393,00","18.072,53"
QCG,VN000000QCG3,BBG000JVZTR9,"13,45","11,75","12,60","12,80","13,45","0,85","6,75","12,70","13,45","13,26","5.812,00","7.707,70"
RAL,VN000000RAL5,BBG000QFVDC1,"141,00","122,60","131,80","131,90","131,00","-0,80","-0,61","130,10","132,00","130,95","172,00","2.252,34"
RDP,VN000000RDP0,BBG000PBYT51,"19,15","16,65","17,90","19,00","19,15","1,25","6,98","18,30","19,15","19,11","8.329,00","15.919,01"
REE,VN000000REE2,BBG000Q5Y2H9,"76,10","66,30","71,20","71,60","71,80","0,60","0,84","71,30","72,50","71,80","2.937,00","21.088,67"
RIC,VN000000RIC7,BBG000RT5PQ7,"21,55","18,75","20,15","21,55","21,55","1,40","6,95","21,55","21,55","21,55","443,00","954,67"
ROS,VN000000ROS1,BBG00DQ063Z1,"8,78","7,64","8,21","8,25","8,53","0,32","3,90","8,22","8,60","8,37","150.625,00","126.046,33"
S4A,VN000000S4A5,BBG00CSQ4NB8,"39,05","33,95","36,50","35,50","36,20","-0,30","-0,82","35,50","36,20","35,97","74,00","266,20"
SAB,VN000000SAB4,BBG000V9NP31,"164,70","143,30","154,00","154,00","154,00","0,00","0,00","152,20","154,00","153,19","417,00","6.388,11"
SAM,VN000000SAM1,BBG000Q1YHR4,"20,20","17,60","18,90","19,00","19,40","0,50","2,65","18,90","19,80","19,42","15.032,00","29.186,80"
SAV,VN000000SAV2,BBG000MC1X95,"31,00","27,00","29,00","29,00","28,60","-0,40","-1,38","28,10","29,00","28,38","261,00","740,63"
SBA,VN000000SBA4,BBG000QVRG16,"21,10","18,40","19,75","19,85","19,80","0,05","0,25","19,70","19,85","19,71","187,00","368,59"
SBT,VN000000SBT4,BBG000DWVH11,"24,60","21,40","23,00","23,20","23,20","0,20","0,87","23,00","23,60","23,30","34.349,00","80.030,78"
SBV,VN000000SBV0,BBG00DR8HYH3,"17,90","15,60","16,75","16,80","17,20","0,45","2,69","16,80","17,35","17,04","1.236,00","2.106,69"
SC5,VN000000SC59,BBG000QWQNK9,"25,25","21,95","23,60","23,00","23,05","-0,55","-2,33","23,00","23,70","23,42","12,00","28,10"
SCD,VN000000SCD6,BBG000QMWS69,"21,50","18,70","20,10","20,00","20,20","0,10","0,50","20,00","20,20","20,12","104,00","209,28"
SCR,VN000000SCR6,BBG0018DKFN9,"24,15","21,05","22,60","22,80","23,40","0,80","3,54","22,80","23,85","23,35","175.400,00","409.559,76"
SCS,VN000000SCS4,BBG00H5KYJR4,"169,00","147,00","158,00","159,80","156,50","-1,50","-0,95","156,40","160,00","158,40","202,00","3.199,63"
SFC,VN000000SFC1,BBG000PQF917,"25,50","22,20","23,85","23,85","23,85","0,00","0,00","23,85","23,85","23,85","6,00","14,31"
SFG,VN000000SFG2,BBG007KCPRX2,"21,40","18,60","20,00","20,50","19,20","-0,80","-4,00","18,60","20,50","18,98","522,00","990,60"
SFI,VN000000SFI8,BBG000QN56H3,"77,50","67,50","72,50","72,00","72,40","-0,10","-0,14","72,00","72,40","72,37","86,00","622,40"
SGN,VN000000SGN6,BBG00BL5GNC9,"83,40","72,60","78,00","77,50","77,60","-0,40","-0,51","77,50","77,90","77,67","3,00","23,30"
SGR,VN000000SGR7,BBG008MWKWZ6,"30,85","26,85","28,85","28,90","29,80","0,95","3,29","28,85","30,10","29,70","1.122,00","3.331,98"
SGT,VN000000SGT3,BBG000V38SM4,"32,25","28,05","30,15","30,00","30,35","0,20","0,66","30,00","30,70","30,34","1.392,00","4.223,29"
SHA,VN000000SHA1,BBG003TTCWX8,"8,88","7,72","8,30","8,35","8,30","0,00","0,00","8,23","8,40","8,29","1.811,00","1.501,14"
SHB,VN000000SHB9,BBG000G88YK9,"23,25","20,25","21,75","21,70","22,10","0,35","1,61","21,70","22,10","21,87","112.224,00","245.473,68"
SHI,VN000000SHI4,BBG000Q3SY27,"19,75","17,25","18,50","18,75","18,55","0,05","0,27","18,50","19,20","18,89","15.235,00","28.785,08"
SHP,VN000000SHP9,BBG0015Y8H38,"28,65","24,95","26,80","26,70","26,70","-0,10","-0,37","26,50","26,70","26,68","26,00","69,36"
SII,VN000000SII2,BBG003BBYCH4,"16,90","14,70","15,80","16,25","15,80","0,00","0,00","14,70","16,25","15,71","57,00","89,53"
SJD,VN000000SJD1,BBG000QMWZB7,"21,05","18,35","21,00","20,10","19,60","-1,40","-6,67","19,40","20,10","19,61","1.725,00","3.382,15"
SJF,VN000000SJF6,BBG00H0JKDH1,"16,40","14,30","15,35","15,70","15,00","-0,35","-2,28","14,85","16,00","15,41","27.431,00","42.276,55"
SJS,VN000000SJS9,BBG000PT9TZ7,"90,70","78,90","84,80","85,00","85,60","0,80","0,94","85,00","87,00","85,87","408,00","3.503,68"
SKG,VN000000SKG2,BBG006JBZKR9,"25,55","22,25","23,90","24,05","24,00","0,10","0,42","23,20","24,30","23,98","14.840,00","35.583,59"
SMA,VN000000SMA1,BBG00170KPB9,"11,80","10,30","11,05","11,05","11,00","-0,05","-0,45","10,30","11,05","10,53","485,00","510,83"
SMB,VN000000SMB9,BBG0014WQCL4,"44,40","38,60","41,50","41,80","41,60","0,10","0,24","41,50","41,80","41,54","28,00","116,32"
SMC,VN000000SMC7,BBG000DNHW50,"42,70","37,20","39,95","40,35","40,20","0,25","0,63","39,90","40,40","40,13","2.375,00","9.531,73"
SPM,VN000000SPM9,BBG000BXHW05,"23,25","20,25","21,75","21,70","22,00","0,25","1,15","21,05","22,05","21,78","171,00","372,43"
SRC,VN000000SRC6,BBG000BDVD96,"20,65","17,95","19,30","19,20","19,40","0,10","0,52","19,20","19,40","19,32","163,00","314,92"
SRF,VN000000SRF9,BBG000D0BT26,"19,45","16,95","18,20","18,90","18,30","0,10","0,55","18,00","18,90","18,42","290,00","534,20"
SSB,VN000000SSB6 ,BBG009CXDMM7,"40,30","35,10","37,70","37,70","37,80","0,10","0,27","37,10","37,80","37,53","17.725,00","66.516,52"
SSC,VN000000SSC4,BBG000Q5LYX5,"41,15","35,85","38,50","0,00","0,00","-38,50","-100,00","0,00","0,00","0,00","0,00","0,00"
SSI,VN000000SSI1,BBG000BN4F44,"46,85","40,75","43,80","44,45","43,80","0,00","0,00","43,80","44,45","44,12","47.170,00","208.133,61"
ST8,VN000000ST84,BBG000V0CKG9,"12,80","11,20","12,00","12,05","12,80","0,80","6,67","12,00","12,80","12,52","153,00","191,49"
STB,VN000000STB4,BBG000D7H4Y5,"35,20","30,60","32,90","33,00","32,80","-0,10","-0,30","32,65","33,15","32,87","108.848,00","357.763,59"
STG,VN000000STG3,BBG000QCZXG6,"31,00","27,00","29,00","29,00","29,00","0,00","0,00","29,00","29,35","29,13","54,00","157,28"
STK,VN000000STK5,BBG00B06W3Q1,"58,80","51,20","55,00","55,40","54,90","-0,10","-0,18","54,60","55,40","54,91","166,00","911,43"
SVC,VN000000SVC8,BBG000QRLCQ3,"119,00","103,60","111,30","111,30","111,30","0,00","0,00","111,30","111,30","111,30","1,00","11,13"
SVD,VN000000SVD6 ,BBG00YNMBPM9,"13,65","11,95","12,80","12,80","12,40","-0,40","-3,13","12,40","13,10","12,78","1.565,00","1.999,65"
SVI,VN000000SVI5,BBG000GN2XC3,"76,60","66,60","71,60","0,00","0,00","-71,60","-100,00","0,00","0,00","0,00","0,00","0,00"
SVT,VN000000SVT2,BBG0022D5X60,"21,50","18,70","20,10","20,45","20,10","0,00","0,00","20,10","20,45","20,14","119,00","239,62"
SZC,VN000000SZC9,BBG00FM26TY0,"77,50","67,50","72,50","73,00","74,00","1,50","2,07","72,80","74,20","73,57","5.932,00","43.642,94"
SZL,VN000000SZL0,BBG000BNY437,"74,60","65,00","69,80","69,00","69,10","-0,70","-1,00","68,00","69,80","68,63","72,00","494,13"
TAC,VN000000TAC0,BBG000QMX185,"71,20","62,00","66,60","64,60","66,20","-0,40","-0,60","64,50","66,60","65,57","54,00","354,06"
TBC,VN000000TBC8,BBG000QRLW98,"33,25","28,95","31,10","31,15","31,70","0,60","1,93","31,15","31,80","31,58","128,00","404,26"
TCB,VN000000TCB8,BBG000CD0060,"52,40","45,65","49,05","49,45","49,00","-0,05","-0,10","49,00","49,50","49,16","32.492,00","159.734,56"
TCD,VN000000TCD4,BBG00GQKNWX9,"27,75","24,15","25,95","26,20","27,00","1,05","4,05","26,10","27,30","26,91","40.218,00","108.231,97"
TCH,VN000000TCH5,BBG00DVPC846,"21,90","19,10","20,50","20,85","20,75","0,25","1,22","20,60","21,25","20,88","34.938,00","72.943,81"
TCL,VN000000TCL7,BBG000Q2M911,"44,60","38,80","41,70","41,20","41,20","-0,50","-1,20","41,00","41,70","41,16","1.085,00","4.465,70"
TCM,VN000000TCM5,BBG000TJ58L0,"77,00","67,00","72,00","72,00","71,90","-0,10","-0,14","70,90","72,70","71,67","8.938,00","64.054,79"
TCO,VN000000TCO1,BBG000PGSY38,"21,80","19,00","20,40","20,40","20,00","-0,40","-1,96","19,85","21,00","20,19","2.383,00","4.811,00"
TCR,VN000000TCR4,BBG000QN5CR9,"7,91","6,89","7,40","7,40","7,40","0,00","0,00","7,30","7,50","7,40","70,00","51,77"
TCT,VN000000TCT0,BBG000KQRJV4,"48,95","42,55","45,75","45,75","45,60","-0,15","-0,33","42,55","45,75","43,61","619,00","2.699,72"
TDC,VN000000TDC4,BBG000QSB5B3,"25,10","21,90","23,50","23,40","23,60","0,10","0,43","23,40","24,00","23,76","4.732,00","11.242,47"
TDG,VN000000TDG5,BBG00G268MD7,"12,60","11,00","11,80","11,80","11,60","-0,20","-1,69","11,50","11,80","11,60","4.145,00","4.807,36"
TDH,VN000000TDH3,BBG000QGMH85,"11,85","10,35","11,10","11,70","10,90","-0,20","-1,80","10,90","11,70","11,00","6.369,00","7.005,17"
TDM,VN000000TDM3,BBG00CLB4K33,"39,35","34,25","36,80","37,20","36,85","0,05","0,14","36,70","37,20","36,85","3.282,00","12.095,14"
TDP,VN000000TDP6 ,BBG00MH6QRJ1,"27,15","23,65","25,40","25,20","25,20","-0,20","-0,79","25,20","25,20","25,20","4,00","10,08"
TDW,VN000000TDW2,BBG0016TLPP1,"40,65","35,35","38,00","0,00","0,00","-38,00","-100,00","0,00","0,00","0,00","0,00","0,00"
TEG,VN000000TEG3,BBG00BNVD569,"16,30","14,20","15,25","15,25","15,30","0,05","0,33","15,10","15,40","15,22","2.097,00","3.192,60"
TGG,VN000000TGG8,BBG00KXBGZ72,"28,05","24,45","26,25","28,00","25,00","-1,25","-4,76","25,00","28,05","27,42","14.362,00","39.382,33"
THG,VN000000THG6,BBG001XQ0HG8,"92,70","80,70","86,70","86,70","86,10","-0,60","-0,69","86,00","86,70","86,40","257,00","2.220,40"
THI,VN000000THI2,BBG00GGR5QS4,"30,25","26,35","28,30","28,10","28,00","-0,30","-1,06","28,00","28,10","28,01","19,00","53,21"
TIP,VN000000TIP5,BBG00CG5Y5W0,"54,30","47,25","50,80","51,10","51,20","0,40","0,79","50,80","51,70","51,05","1.035,00","5.283,77"
TIX,VN000000TIX9,BBG000PXMLY1,"39,15","34,05","36,60","37,70","37,05","0,45","1,23","36,60","37,70","36,98","142,00","525,11"
TLD,VN000000TLD5,BBG00JDRR4H8,"11,80","10,30","11,05","11,10","11,30","0,25","2,26","11,10","11,35","11,23","6.769,00","7.603,59"
TLG,VN000000TLG8,BBG000QBPNQ0,"50,10","43,65","46,90","45,75","47,00","0,10","0,21","45,75","47,20","47,01","431,00","2.026,03"
TLH,VN000000TLH6,BBG000QHNX96,"21,40","18,60","20,00","20,30","19,85","-0,15","-0,75","19,80","20,30","19,96","7.973,00","15.917,49"
TMP,VN000000TMP7,BBG000DBGXX4,"63,30","55,10","59,20","59,20","59,90","0,70","1,18","59,20","59,90","59,43","3,00","17,83"
TMS,VN000000TMS1,BBG000MB9N73,"95,20","82,80","89,00","89,00","89,70","0,70","0,79","88,50","90,00","89,00","105,00","934,55"
TMT,VN000000TMT9,BBG000Q6C334,"21,25","18,55","19,90","19,90","20,10","0,20","1,01","19,30","20,20","19,70","417,00","821,43"
TN1,VN000000TN14,BBG00NLC3782,"41,30","35,90","38,60","38,60","38,60","0,00","0,00","38,30","38,60","38,59","54,00","208,41"
TNA,VN000000TNA7,BBG000CXD179,"17,00","14,80","15,90","16,35","16,15","0,25","1,57","15,75","16,35","16,01","1.074,00","1.718,96"
TNC,VN000000TNC3,BBG000DW4B05,"46,00","40,00","43,00","40,20","40,60","-2,40","-5,58","40,20","46,00","43,15","22,00","94,94"
TNH,VN000000TNH2,BBG00YPRV2W4,"58,70","51,10","54,90","54,90","53,90","-1,00","-1,82","53,30","56,30","54,68","6.717,00","36.726,87"
TNI,VN000000TNI0,BBG00GBHZSF8,"9,27","8,07","8,67","8,77","8,70","0,03","0,35","8,47","8,77","8,65","10.992,00","9.506,78"
TNT,VN000000TNT7,BBG000QXTX77,"20,65","17,95","19,30","19,30","19,20","-0,10","-0,52","19,05","19,60","19,21","2.264,00","4.350,14"
TPB,VN000000TPB0,BBG00KFL4BS3,"42,50","37,00","39,75","40,05","39,60","-0,15","-0,38","39,60","40,40","39,99","31.313,00","125.213,11"
TPC,VN000000TPC8,BBG000BQFGH9,"11,05","9,63","10,35","10,60","10,55","0,20","1,93","10,55","10,80","10,70","51,00","54,57"
TRA,VN000000TRA8,BBG000JVVR33,"100,10","87,10","93,60","92,00","92,10","-1,50","-1,60","92,00","93,60","92,15","19,00","175,08"
TRC,VN000000TRC4,BBG000BYJ1C6,"51,10","44,50","47,80","47,00","48,50","0,70","1,46","47,00","48,50","47,81","161,00","769,70"
TSC,VN000000TSC2,BBG000TGKR64,"18,65","16,25","17,45","17,55","17,00","-0,45","-2,58","17,00","17,65","17,29","42.442,00","73.389,83"
TTA,VN000000TTA4,BBG00WWCQWC5 ,"16,40","14,30","15,35","15,35","15,40","0,05","0,33","15,35","15,55","15,40","3.151,00","4.852,75"
TTB,VN000000TTB2,BBG007YXYQQ1,"13,15","11,45","12,30","12,70","12,40","0,10","0,81","12,30","13,15","12,76","46.471,00","59.306,09"
TTE,VN000000TTE6,BBG00MNX51V1,"17,20","15,00","16,10","15,05","16,50","0,40","2,48","15,05","17,00","16,15","23,00","37,15"
TTF,VN000000TTF3,BBG000TFT0R3,"18,15","15,85","17,00","17,40","16,85","-0,15","-0,88","16,80","17,40","16,98","66.515,00","112.933,33"
TV2,VN000000TV22,BBG000PMVHJ1,"67,10","58,50","62,80","63,00","61,50","-1,30","-2,07","60,90","63,00","61,37","2.695,00","16.539,27"
TVB,VN000000TVB8,BBG009DCDKK8,"23,45","20,45","21,95","22,20","22,10","0,15","0,68","21,90","22,20","22,04","13.278,00","29.266,85"
TVS,VN000000TVS2,BBG007TK6KJ7,"48,35","42,05","45,20","46,00","46,05","0,85","1,88","46,00","46,90","46,34","819,00","3.795,37"
TVT,VN000000TVT0,BBG00H2CNJ06,"32,70","28,50","30,60","29,95","30,30","-0,30","-0,98","29,00","30,40","29,53","86,00","253,96"
TYA,VN000000TYA4,BBG000DCXFT7,"21,15","18,45","19,80","19,50","19,80","0,00","0,00","19,50","19,80","19,63","80,00","157,03"
UDC,VN000000UDC2,BBG000R4BZZ3,"13,30","11,60","12,45","12,45","12,35","-0,10","-0,80","11,90","12,65","12,43","849,00","1.055,24"
UIC,VN000000UIC1,BBG000TW05T4,"61,90","53,90","57,90","57,60","58,30","0,40","0,69","57,60","58,30","57,73","16,00","92,36"
VAF,VN000000VAF9,BBG009BCLYM9,"17,85","15,55","16,70","16,00","16,00","-0,70","-4,19","15,55","16,70","15,93","294,00","468,40"
VCA,VN000000VCA6,BBG000TRCXM8,"18,15","15,85","17,00","17,15","17,20","0,20","1,18","17,00","17,20","17,10","41,00","70,10"
VCB,VN000000VCB4,BBG000BM8HL9,"88,20","76,80","82,50","83,00","83,00","0,50","0,61","82,70","83,50","83,06","12.224,00","101.531,45"
VCF,VN000000VCF5,BBG001F4FT84,"255,70","222,30","239,00","0,00","0,00","-239,00","-100,00","0,00","0,00","0,00","0,00","0,00"
VCG,VN000000VCG3 ,BBG000BLCJY8,"46,65","40,55","43,60","43,60","44,05","0,45","1,03","43,60","44,60","44,11","38.843,00","171.317,10"
VCI,VN000000VCI9,BBG0073XTVS8,"62,80","54,60","58,70","59,50","58,90","0,20","0,34","58,90","60,30","59,66","15.575,00","92.913,39"
VDP,VN000000VDP2,BBG00H5S8Y48,"42,50","37,00","39,75","39,40","39,70","-0,05","-0,13","39,25","39,75","39,43","9,00","35,49"
VDS,VN000000VDS6,BBG000VVXNW4,"40,45","35,25","37,85","38,00","37,70","-0,15","-0,40","37,60","38,50","37,92","2.074,00","7.864,44"
VFG,VN000000VFG6,BBG000Q13YK8,"73,40","63,80","68,60","0,00","0,00","-68,60","-100,00","0,00","0,00","0,00","0,00","0,00"
VGC,VN000000VGC3,BBG003QTXY19,"53,00","46,10","49,55","50,00","50,60","1,05","2,12","49,60","51,10","50,43","6.692,00","33.750,14"
VHC,VN000000VHC1,BBG000V0W6Y8,"91,50","79,70","85,60","86,50","84,80","-0,80","-0,93","83,20","86,50","84,55","8.992,00","76.023,41"
VHM,VN000000VHM0,BBG00KMYS8Q0,"79,30","69,10","74,20","74,00","74,00","-0,20","-0,27","73,90","75,80","74,66","28.696,00","214.241,39"
VIB,VN000000VIB1,BBG00FP4X0Q5,"47,10","41,00","44,05","44,60","44,20","0,15","0,34","44,20","44,90","44,50","5.604,00","24.938,79"
VIC,VN000000VIC9,BBG000TD3TM8,"83,50","72,70","78,10","78,30","78,40","0,30","0,38","77,30","78,50","77,99","25.659,00","200.109,29"
VID,VN000000VID7,BBG000QMX6H4,"11,75","10,25","11,00","11,20","11,00","0,00","0,00","10,90","11,20","11,00","292,00","321,20"
VIP,VN000000VIP1,BBG000QGPMH1,"13,05","11,35","12,20","12,00","12,10","-0,10","-0,82","12,00","12,30","12,15","4.204,00","5.106,00"
VIS,VN000000VIS5,BBG000QMX9P9,"17,30","15,10","16,20","16,30","16,20","0,00","0,00","16,05","16,30","16,18","48,00","77,69"
VIX,VN000000VIX5,,"23,55","20,55","22,05","22,30","21,95","-0,10","-0,45","21,90","22,30","22,05","18.476,00","40.731,53"
VJC,VN000000VJC7,BBG00FPBTP52,"157,20","136,80","147,00","146,00","145,00","-2,00","-1,36","144,00","147,00","144,87","10.069,00","145.866,11"
VMD,VN000000VMD9,BBG0014VX2F7,"36,80","32,00","34,40","34,40","33,50","-0,90","-2,62","33,50","34,40","33,72","383,00","1.291,41"
VND,VN000000VND7,BBG000QK2110,"34,80","30,30","32,55","33,00","32,10","-0,45","-1,38","32,00","33,00","32,36","60.995,00","197.362,23"
VNE,VN000000VNE5,BBG000RTSN50,"19,00","16,60","17,80","18,00","17,75","-0,05","-0,28","17,70","18,20","17,91","4.615,00","8.263,25"
VNG,VN000000VNG0,BBG000Q08635,"19,00","16,60","17,80","17,90","17,80","0,00","0,00","17,70","18,30","17,91","2.076,00","3.717,67"
VNL,VN000000VNL0,BBG000NX0H67,"27,70","24,10","25,90","25,45","25,70","-0,20","-0,77","25,45","25,90","25,73","57,00","146,67"
VNM,VN000000VNM8,BBG000BF6NK4,"82,70","71,90","77,30","77,60","76,40","-0,90","-1,16","76,40","77,80","77,22","13.544,00","104.581,25"
VNS,VN000000VNS5,BBG000HG0KH2,"11,85","10,35","11,10","11,10","11,45","0,35","3,15","11,00","11,50","11,37","122,00","138,67"
VOS,VN000000VOS3,BBG0015NLBK1,"22,05","19,25","20,65","20,80","20,30","-0,35","-1,69","20,10","20,85","20,42","18.586,00","37.948,04"
VPB,VN000000VPB6,BBG00GT7TTC9,"39,35","34,25","36,80","36,95","36,45","-0,35","-0,95","36,45","37,10","36,73","82.450,00","302.867,55"
VPD,VN000000VPD2,BBG00CMXYXQ8,"18,90","16,50","17,70","17,65","17,95","0,25","1,41","17,65","18,00","17,87","230,00","410,93"
VPG,VN000000VPG5,BBG00HK82J35,"65,50","57,10","61,30","61,50","61,20","-0,10","-0,16","61,20","61,90","61,45","3.679,00","22.606,87"
VPH,VN000000VPH3,BBG000P65NG5,"16,45","14,35","15,40","15,50","16,20","0,80","5,19","15,50","16,20","16,00","11.059,00","17.693,53"
VPI,VN000000VPI1,BBG00JC6HXV6,"66,30","57,70","62,00","61,90","61,50","-0,50","-0,81","61,20","63,00","61,73","12.104,00","74.723,25"
VPS,VN000000VPS0,BBG009RT5X54,"15,60","13,60","14,60","14,60","14,70","0,10","0,68","14,55","14,90","14,68","31,00","45,50"
VRC,VN000000VRC0,BBG000PYVR12,"27,90","24,30","26,10","26,80","25,80","-0,30","-1,15","25,20","26,90","25,83","3.812,00","9.846,99"
VRE,VN000000VRE6,BBG00HY225V2,"33,95","29,55","31,75","32,00","32,25","0,50","1,57","31,95","32,25","32,11","24.873,00","79.870,96"
VSC,VN000000VSC8,BBG000V1Z2S9,"47,80","41,60","44,70","44,70","44,50","-0,20","-0,45","43,90","44,70","44,34","9.063,00","40.185,23"
VSH,VN000000VSH7,BBG000KLZ2K5,"30,70","26,70","28,70","28,50","28,80","0,10","0,35","28,35","28,80","28,75","276,00","793,43"
VSI,VN000000VSI5,BBG001BLD8V2,"23,50","20,50","22,00","23,50","23,40","1,40","6,36","23,40","23,50","23,45","6,00","14,07"
VTB,VN000000VTB8,BBG000QMXCB7,"12,80","11,20","12,00","12,00","12,00","0,00","0,00","12,00","12,00","12,00","32,00","38,40"
VTO,VN000000VTO1,BBG000TH61W6,"16,65","14,55","15,60","15,80","15,20","-0,40","-2,56","14,90","15,80","15,21","7.716,00","11.735,92"
YBM,VN000000YBM7,BBG00LPN2JJ1,"10,35","9,03","9,70","9,70","9,77","0,07","0,72","9,68","9,79","9,71","464,00","450,49"
YEG,VN000000YEG3,BBG00KZYHN85,"29,10","25,30","27,20","27,25","29,10","1,90","6,99","27,20","29,10","28,32","6.442,00","18.242,80"
